{
  "avg_reward": 0.8497301264614889,
  "std_reward": 0.3353205650248726,
  "path_validity": 63.25,
  "avg_path_length": 5.0
}