{
  "Average Reward": 5.11555,
  "Std Reward": 0.48734941007453775,
  "Path Validity": 96.75,
  "Avg Path Length": 5.0,
  "Min Reward": 4.35,
  "Max Reward": 5.7749999999999995
}